IP,PORT,CODE,COUNTRY,HTTPS
190.109.164.181,56427,CO,Colombia,yes
77.252.26.69,37922,PL,Poland,yes
1.20.100.122,48375,TH,Thailand,yes
114.141.55.90,50955,ID,Indonesia,yes
200.192.156.24,42407,BR,Brazil,yes
177.99.207.243,34035,BR,Brazil,yes
1.20.100.195,57415,TH,Thailand,yes
190.15.195.64,47912,AR,Argentina,yes
80.227.97.38,60175,AE,United Arab Emirates,yes
103.254.167.250,41859,BD,Bangladesh,yes
1.20.100.249,47430,TH,Thailand,yes
96.9.88.54,58680,KH,Cambodia,yes
1.10.186.30,49394,TH,Thailand,yes
96.9.87.54,61887,KH,Cambodia,yes
118.174.232.235,47580,TH,Thailand,yes
82.146.236.38,50910,PL,Poland,yes
160.119.131.114,41731,GN,Guinea,yes
178.155.8.48,36378,RU,Russian Federation,yes
85.204.183.183,53281,MD,"Moldova, Republic of",yes
203.142.34.37,51911,MY,Malaysia,yes
41.78.203.178,43678,ZA,South Africa,yes
188.226.141.217,3128,NL,Netherlands,no
103.9.188.143,41394,KH,Cambodia,yes
1.20.100.153,45994,TH,Thailand,yes
1.20.100.218,40580,TH,Thailand,yes
101.108.92.64,40146,TH,Thailand,yes
45.117.60.54,46615,BD,Bangladesh,yes
190.184.144.50,50937,CO,Colombia,yes
190.182.88.18,59880,CO,Colombia,yes
103.75.34.121,54952,IN,India,yes
202.79.59.173,39307,NP,Nepal,yes
177.85.113.45,32619,BR,Brazil,yes
88.199.82.111,46287,PL,Poland,yes
103.9.188.230,37975,KH,Cambodia,yes
87.121.156.142,43432,BG,Bulgaria,yes
110.235.246.72,40401,KH,Cambodia,yes
66.96.237.71,59246,ID,Indonesia,yes
91.230.199.174,57194,UA,Ukraine,yes
110.74.219.30,38340,KH,Cambodia,yes
124.41.213.173,44414,NP,Nepal,yes
125.27.251.185,30053,TH,Thailand,yes
202.95.156.38,61833,ID,Indonesia,yes
182.52.229.29,40494,TH,Thailand,yes
213.153.167.119,43288,TR,Turkey,yes
85.193.229.6,42197,PL,Poland,yes
54.39.97.250,3128,CA,Canada,yes
203.206.181.41,53228,AU,Australia,yes
190.128.112.106,53416,CO,Colombia,no
221.120.218.98,45744,PK,Pakistan,yes
118.173.232.32,36891,TH,Thailand,no
1.20.103.171,49997,TH,Thailand,yes
177.84.147.118,54940,BR,Brazil,yes
212.66.34.240,39800,UA,Ukraine,yes
87.239.28.28,8080,RU,Russian Federation,no
154.68.171.239,51932,ZA,South Africa,yes
185.192.183.221,46088,ES,Spain,yes
103.78.101.253,55762,ID,Indonesia,yes
37.113.128.32,37332,RU,Russian Federation,yes
46.201.251.30,46377,UA,Ukraine,yes
82.207.41.135,47782,UA,Ukraine,yes
37.28.181.177,48380,RU,Russian Federation,yes
195.122.160.115,3128,DE,Germany,yes
94.79.52.207,8080,RU,Russian Federation,yes
43.239.75.137,53886,BD,Bangladesh,yes
190.151.94.2,46615,CL,Chile,no
177.91.35.21,56517,BR,Brazil,yes
92.51.92.229,34263,GE,Georgia,yes
200.57.8.30,57328,MX,Mexico,yes
77.95.17.20,3128,RU,Russian Federation,yes
138.94.160.22,57582,BR,Brazil,yes
188.75.3.10,42705,RU,Russian Federation,yes
191.98.198.45,31553,PA,Panama,yes
202.57.35.74,39312,PH,Philippines,yes
1.20.100.183,37319,TH,Thailand,yes
77.121.181.121,60838,UA,Ukraine,yes
31.13.224.12,37573,BG,Bulgaria,yes
45.113.133.6,56013,BD,Bangladesh,yes
1.20.97.41,31688,TH,Thailand,yes
196.41.60.218,47358,TZ,Tanzania,yes
1.20.103.200,32321,TH,Thailand,yes
77.87.100.90,58929,RU,Russian Federation,yes
1.20.97.189,35016,TH,Thailand,yes
1.20.100.170,45995,TH,Thailand,yes
81.219.39.80,40503,PL,Poland,yes
176.38.58.20,42120,UA,Ukraine,yes
182.53.197.236,57601,TH,Thailand,yes
125.24.156.244,40049,TH,Thailand,yes
181.129.160.50,56319,CO,Colombia,yes
138.185.206.253,41015,AR,Argentina,yes
197.232.65.35,55704,KE,Kenya,yes
1.20.100.123,43482,TH,Thailand,yes
216.183.62.43,33814,US,United States,yes
177.136.85.14,56328,--,Unknown,yes
1.20.97.113,48377,TH,Thailand,yes
202.174.46.113,54651,AU,Australia,yes
190.196.60.168,46742,CL,Chile,yes
186.211.176.190,57034,BR,Brazil,yes
190.7.25.30,50228,AR,Argentina,yes
200.54.47.228,33091,CL,Chile,yes
179.127.241.180,44876,BR,Brazil,yes
5.154.13.11,23500,ES,Spain,no
166.130.163.233,55281,US,United States,no
1.10.188.76,51884,TH,Thailand,no
46.28.228.210,36543,RU,Russian Federation,no
101.51.141.119,56704,TH,Thailand,no
103.63.24.240,34041,IN,India,no
95.107.6.252,58138,RU,Russian Federation,no
81.163.35.120,23661,RU,Russian Federation,no
118.175.226.133,44917,TH,Thailand,no
51.75.109.88,3128,FR,France,no
187.243.250.198,3128,MX,Mexico,no
188.130.230.40,8081,RU,Russian Federation,no
80.80.212.216,8080,UZ,Uzbekistan,no
202.70.82.253,23500,NP,Nepal,no
194.38.137.252,3128,PT,Portugal,no
54.39.138.152,3128,CA,Canada,no
178.128.150.225,8080,US,United States,no
218.102.119.45,9000,HK,Hong Kong,no
185.226.92.4,8888,TR,Turkey,no
220.130.205.58,8080,TW,Taiwan,no
94.187.61.83,8080,LB,Lebanon,no
197.210.246.30,8080,NG,Nigeria,no
36.81.2.206,31281,ID,Indonesia,no
46.146.223.235,8080,RU,Russian Federation,no
36.81.255.73,8080,ID,Indonesia,no
78.71.26.52,3128,SE,Sweden,no
27.147.212.38,53281,BD,Bangladesh,no
213.147.83.9,8888,KE,Kenya,no
78.85.36.203,8080,RU,Russian Federation,no
88.199.21.75,80,PL,Poland,no
185.253.184.106,38434,RU,Russian Federation,no
186.249.215.108,56780,BR,Brazil,yes
176.103.173.5,31364,PL,Poland,yes
203.83.178.178,35123,BD,Bangladesh,yes
190.52.162.108,54199,PY,Paraguay,yes
176.67.55.55,58469,RU,Russian Federation,yes
37.17.48.12,43254,BY,Belarus,yes
193.106.144.140,35334,UA,Ukraine,yes
103.31.45.106,23500,ID,Indonesia,yes
118.174.232.60,41362,TH,Thailand,yes
181.142.75.117,52890,CO,Colombia,yes
189.113.132.198,54574,BR,Brazil,yes
176.118.55.181,56402,UA,Ukraine,yes
197.211.39.7,33271,NG,Nigeria,yes
202.150.154.146,45189,ID,Indonesia,yes
109.197.159.190,54345,RU,Russian Federation,yes
187.62.206.60,40812,BR,Brazil,yes
91.202.240.208,51678,UA,Ukraine,yes
180.180.152.75,39364,TH,Thailand,yes
91.82.108.222,56838,HU,Hungary,yes
5.53.114.152,60243,UA,Ukraine,yes
1.10.186.185,43569,TH,Thailand,yes
103.94.127.10,50706,ID,Indonesia,yes
203.117.128.187,57972,SG,Singapore,yes
45.225.65.158,53088,BR,Brazil,yes
123.231.246.189,37652,ID,Indonesia,yes
93.157.163.72,61064,RU,Russian Federation,yes
103.85.217.1,44412,BD,Bangladesh,yes
103.106.241.33,58159,BD,Bangladesh,yes
81.1.129.14,41574,RU,Russian Federation,yes
109.86.213.138,61860,UA,Ukraine,yes
188.68.16.195,35245,RU,Russian Federation,yes
181.143.226.122,38378,CO,Colombia,yes
79.129.123.15,48432,GR,Greece,yes
91.225.226.39,33762,UA,Ukraine,yes
179.106.88.162,80,BR,Brazil,yes
118.174.234.29,57793,TH,Thailand,yes
176.62.188.158,59649,RU,Russian Federation,yes
103.245.188.86,51923,IN,India,yes
188.72.6.98,42572,IQ,Iraq,yes
1.20.97.63,57735,TH,Thailand,yes
216.169.73.65,42345,US,United States,yes
210.16.77.180,58776,IN,India,yes
1.10.189.119,53557,TH,Thailand,yes
118.174.196.39,45553,TH,Thailand,yes
125.25.80.31,61845,TH,Thailand,yes
80.90.25.160,57183,LV,Latvia,yes
109.121.207.134,52637,BG,Bulgaria,yes
176.56.23.14,35340,RU,Russian Federation,yes
192.140.91.133,50233,BR,Brazil,yes
77.94.122.19,56235,RU,Russian Federation,yes
193.110.21.177,48218,UA,Ukraine,yes
62.122.203.17,37648,UA,Ukraine,yes
103.9.190.239,30807,KH,Cambodia,yes
195.138.81.161,43017,UA,Ukraine,yes
1.10.187.129,56643,TH,Thailand,yes
91.92.80.25,58710,BG,Bulgaria,yes
186.193.37.21,34127,BR,Brazil,yes
201.159.95.105,41536,BR,Brazil,yes
181.58.122.51,47346,CO,Colombia,yes
201.184.178.162,46213,CO,Colombia,yes
179.127.241.152,41065,BR,Brazil,no
119.252.170.42,8888,ID,Indonesia,no
201.63.188.170,20183,BR,Brazil,no
177.126.81.63,20183,BR,Brazil,no
187.18.113.159,20183,BR,Brazil,no
190.111.233.208,53281,AR,Argentina,no
91.235.247.252,8081,RU,Russian Federation,no
221.120.219.214,80,PK,Pakistan,no
202.93.229.3,8080,ID,Indonesia,no
58.65.175.102,80,PK,Pakistan,no
197.98.180.176,53281,ZA,South Africa,no
217.19.209.253,8080,MD,"Moldova, Republic of",no
200.116.206.10,53281,CO,Colombia,no
45.250.226.55,8080,IN,India,no
54.39.19.46,31289,CA,Canada,no
91.191.33.165,53281,BA,Bosnia and Herzegovina,no
223.16.229.241,8080,HK,Hong Kong,no
125.21.43.82,8080,IN,India,no
45.251.72.162,8080,ID,Indonesia,no
185.158.112.209,3128,RU,Russian Federation,no
85.9.217.48,3355,LV,Latvia,no
196.12.186.34,8080,PR,Puerto Rico,no
91.235.42.20,3130,RU,Russian Federation,no
185.109.54.227,31280,UA,Ukraine,no
202.137.25.8,8080,ID,Indonesia,no
213.6.199.122,8080,PS,Palestinian Territory,no
177.129.17.171,41378,BR,Brazil,yes
186.42.215.242,61699,EC,Ecuador,yes
41.193.217.139,57532,ZA,South Africa,yes
203.95.222.206,31323,BD,Bangladesh,yes
130.255.137.53,45128,UA,Ukraine,yes
118.175.93.148,44649,TH,Thailand,yes
118.175.93.73,56523,TH,Thailand,yes
128.68.139.244,58230,RU,Russian Federation,yes
190.0.9.130,60015,CO,Colombia,yes
213.153.221.231,58686,TR,Turkey,yes
45.123.42.149,54071,BD,Bangladesh,yes
168.228.220.236,47955,BR,Brazil,yes
1.20.102.54,36054,TH,Thailand,yes
177.185.160.22,42122,BR,Brazil,yes
85.207.99.213,40142,CZ,Czech Republic,yes
125.26.99.222,57492,TH,Thailand,yes
182.53.206.168,38496,TH,Thailand,yes
41.86.244.89,44480,BJ,Benin,yes
182.53.206.40,36269,TH,Thailand,yes
89.111.246.228,49164,BA,Bosnia and Herzegovina,yes
72.35.40.34,8080,US,United States,yes
103.78.101.9,58854,ID,Indonesia,yes
49.156.35.130,54098,KH,Cambodia,yes
138.122.51.68,50733,BR,Brazil,yes
118.174.232.202,40628,TH,Thailand,yes
118.175.176.123,36443,TH,Thailand,yes
146.120.176.17,35162,RU,Russian Federation,yes
118.175.207.9,58354,TH,Thailand,yes
1.10.189.20,40409,TH,Thailand,yes
181.198.104.179,44955,EC,Ecuador,yes
196.192.185.142,43933,ZA,South Africa,yes
93.79.148.217,58340,UA,Ukraine,yes
103.206.112.75,41137,IN,India,yes
91.226.5.245,50799,UA,Ukraine,yes
202.58.99.218,52737,KH,Cambodia,yes
95.87.127.133,53189,IT,Italy,yes
125.25.165.47,43011,TH,Thailand,yes
118.174.234.144,33103,TH,Thailand,yes
95.78.127.91,42676,RU,Russian Federation,yes
124.41.211.231,40851,NP,Nepal,yes
1.10.186.214,56391,TH,Thailand,yes
182.52.22.8,57457,TH,Thailand,yes
103.241.227.116,32288,IN,India,no
79.98.159.65,57753,CZ,Czech Republic,yes
190.242.98.226,56046,CO,Colombia,yes
121.120.241.8,33458,MY,Malaysia,yes
118.174.220.142,52330,TH,Thailand,yes
179.228.189.67,45145,BR,Brazil,yes
159.255.190.146,59628,PL,Poland,yes
103.81.104.38,33557,BD,Bangladesh,yes
213.100.166.196,58297,LV,Latvia,yes
37.32.127.161,45146,IR,Iran,yes
118.172.201.243,43561,TH,Thailand,yes
185.208.100.197,59732,TR,Turkey,yes
87.252.174.40,58657,BG,Bulgaria,yes
185.221.190.97,49857,ES,Spain,yes
92.247.94.134,46333,BG,Bulgaria,yes
197.248.60.21,61792,KE,Kenya,yes
1.10.188.141,52393,TH,Thailand,yes
124.248.191.216,23500,KH,Cambodia,yes
93.78.176.254,48626,UA,Ukraine,yes
182.53.197.202,47694,TH,Thailand,yes
118.174.234.55,45459,TH,Thailand,yes
118.174.220.199,35468,TH,Thailand,yes
176.118.54.104,31801,UA,Ukraine,yes
37.143.161.4,41258,RO,Romania,yes
46.72.191.107,38301,RU,Russian Federation,yes
114.130.31.157,44403,BD,Bangladesh,yes
37.9.134.125,49080,RU,Russian Federation,no
179.60.243.114,58939,CO,Colombia,no
213.6.20.137,36127,PS,Palestinian Territory,no
190.149.221.250,33425,GT,Guatemala,no
103.192.158.251,39576,BD,Bangladesh,no
36.67.204.74,38543,ID,Indonesia,no
46.164.149.40,60914,UA,Ukraine,no
92.38.45.71,36101,RU,Russian Federation,no
190.14.253.18,53281,CO,Colombia,no
195.64.223.116,3128,RU,Russian Federation,no
197.148.64.194,8080,ZA,South Africa,no
103.46.233.29,81,IN,India,no
138.219.249.193,80,AR,Argentina,no
181.10.230.90,3128,AR,Argentina,no
98.190.250.150,48678,US,United States,no
